{
    "lumi16total":35917.213466,
    "lumi16APV":19500.0,
    "lumi16":16800.0,
    "lumi17":41521.427777,
    "lumi18":59692.687741,
    "XSECS" : {
        "ttbar-allhad":377.96,
        "ttbar-semilep":365.34,
        "QCDHT700":6802,
        "QCDHT1000":1206,
        "QCDHT1500":120.4,
        "QCDHT2000":25.25,
	"WJetsHT400":315.2,
	"WJetsHT600":68.58,
	"WJetsHT800":34.69,
	"ZJetsHT400":145.3,
	"ZJetsHT600":34.29,
	"ZJetsHT800":18.57,
        "NMSSM-XHY-240-125":0.1,
        "NMSSM-XHY-1200-100":0.01,
        "NMSSM-XHY-1600-1400":0.01,
        "NMSSM-XHY-1800-1400":0.01,
        "NMSSM-XHY-2000-1400":0.001,
        "NMSSM-XHY-2200-1400":0.001,
        "NMSSM-XHY-2400-1400":0.001,
        "NMSSM-XHY-2500-1400":0.001,
        "NMSSM-XHY-2600-1400":0.001,
        "NMSSM-XHY-2600-2400":0.001,
        "NMSSM-XHY-2800-1400":0.001,
        "NMSSM-XHY-2800-2400":0.001,
        "NMSSM-XHY-3000-1400":0.001,
        "NMSSM-XHY-3000-2400":0.001,
        "NMSSM-XHY-3500-1400":0.001,
        "NMSSM-XHY-3500-2400":0.001,
        "NMSSM-XHY-4000-1400":0.001,
        "NMSSM-XHY-4000-2400":0.001,
        "NMSSM-XHY-240-60":0.1,
        "NMSSM-XHY-240-70":0.1,
        "NMSSM-XHY-240-80":0.1,
        "NMSSM-XHY-240-90":0.1,
        "NMSSM-XHY-240-100":0.1,
        "NMSSM-XHY-280-60":0.1,
        "NMSSM-XHY-280-70":0.1,
        "NMSSM-XHY-280-80":0.1,
        "NMSSM-XHY-280-90":0.1,
        "NMSSM-XHY-280-100":0.1,
        "NMSSM-XHY-280-125":0.1,
        "NMSSM-XHY-280-150":0.1,
        "NMSSM-XHY-300-60":0.1,
        "NMSSM-XHY-300-70":0.1,
        "NMSSM-XHY-300-80":0.1,
        "NMSSM-XHY-300-90":0.1,
        "NMSSM-XHY-300-100":0.1,
        "NMSSM-XHY-300-125":0.1,
        "NMSSM-XHY-300-150":0.1,
        "NMSSM-XHY-320-60":0.1,
        "NMSSM-XHY-320-70":0.1,
        "NMSSM-XHY-320-80":0.1,
        "NMSSM-XHY-320-90":0.1,
        "NMSSM-XHY-320-100":0.1,
        "NMSSM-XHY-320-125":0.1,
        "NMSSM-XHY-320-150":0.1,
        "NMSSM-XHY-320-190":0.1,
        "NMSSM-XHY-360-60":0.1,
        "NMSSM-XHY-360-70":0.1,
        "NMSSM-XHY-360-80":0.1,
        "NMSSM-XHY-360-90":0.1,
        "NMSSM-XHY-360-100":0.1,
        "NMSSM-XHY-360-125":0.1,
        "NMSSM-XHY-360-150":0.1,
        "NMSSM-XHY-360-190":0.1,
        "NMSSM-XHY-400-60":0.1,
        "NMSSM-XHY-400-70":0.1,
        "NMSSM-XHY-400-80":0.1,
        "NMSSM-XHY-400-90":0.1,
        "NMSSM-XHY-400-100":0.1,
        "NMSSM-XHY-400-125":0.1,
        "NMSSM-XHY-400-150":0.1,
        "NMSSM-XHY-400-190":0.1,
        "NMSSM-XHY-400-250":0.1,
        "NMSSM-XHY-500-60":0.1,
        "NMSSM-XHY-500-70":0.1,
        "NMSSM-XHY-500-80":0.1,
        "NMSSM-XHY-500-90":0.1,
        "NMSSM-XHY-500-100":0.1,
        "NMSSM-XHY-500-125":0.1,
        "NMSSM-XHY-500-150":0.1,
        "NMSSM-XHY-500-190":0.1,
        "NMSSM-XHY-500-250":0.1,
        "NMSSM-XHY-500-300":0.1,
        "NMSSM-XHY-500-350":0.1,
        "NMSSM-XHY-600-60":0.1,
        "NMSSM-XHY-600-70":0.1,
        "NMSSM-XHY-600-80":0.1,
        "NMSSM-XHY-600-90":0.1,
        "NMSSM-XHY-600-100":0.1,
        "NMSSM-XHY-600-125":0.1,
        "NMSSM-XHY-600-150":0.1,
        "NMSSM-XHY-600-190":0.1,
        "NMSSM-XHY-600-250":0.1,
        "NMSSM-XHY-600-300":0.1,
        "NMSSM-XHY-600-350":0.1,
        "NMSSM-XHY-600-400":0.1,
        "NMSSM-XHY-600-450":0.1,
        "NMSSM-XHY-700-60":0.1,
        "NMSSM-XHY-700-70":0.1,
        "NMSSM-XHY-700-80":0.1,
        "NMSSM-XHY-700-90":0.1,
        "NMSSM-XHY-700-100":0.1,
        "NMSSM-XHY-700-125":0.1,
        "NMSSM-XHY-700-150":0.1,
        "NMSSM-XHY-700-190":0.1,
        "NMSSM-XHY-700-250":0.1,
        "NMSSM-XHY-700-300":0.1,
        "NMSSM-XHY-700-350":0.1,
        "NMSSM-XHY-700-400":0.1,
        "NMSSM-XHY-700-450":0.1,
        "NMSSM-XHY-700-500":0.1,
        "NMSSM-XHY-800-60":0.1,
        "NMSSM-XHY-800-70":0.1,
        "NMSSM-XHY-800-80":0.1,
        "NMSSM-XHY-800-90":0.1,
        "NMSSM-XHY-800-100":0.1,
        "NMSSM-XHY-800-125":0.1,
        "NMSSM-XHY-800-150":0.1,
        "NMSSM-XHY-800-190":0.1,
        "NMSSM-XHY-800-250":0.1,
        "NMSSM-XHY-800-300":0.1,
        "NMSSM-XHY-800-350":0.1,
        "NMSSM-XHY-800-400":0.1,
        "NMSSM-XHY-800-450":0.1,
        "NMSSM-XHY-800-500":0.1,
        "NMSSM-XHY-800-600":0.1,
        "NMSSM-XHY-900-60":0.1,
        "NMSSM-XHY-900-70":0.1,
        "NMSSM-XHY-900-80":0.1,
        "NMSSM-XHY-900-90":0.1,
        "NMSSM-XHY-900-100":0.1,
        "NMSSM-XHY-900-125":0.1,
        "NMSSM-XHY-900-150":0.1,
        "NMSSM-XHY-900-190":0.1,
        "NMSSM-XHY-900-250":0.1,
        "NMSSM-XHY-900-300":0.1,
        "NMSSM-XHY-900-350":0.1,
        "NMSSM-XHY-900-400":0.1,
        "NMSSM-XHY-900-450":0.1,
        "NMSSM-XHY-900-500":0.1,
        "NMSSM-XHY-900-600":0.1,
        "NMSSM-XHY-900-700":0.1,
        "NMSSM-XHY-1000-60":0.01,
        "NMSSM-XHY-1000-70":0.01,
        "NMSSM-XHY-1000-80":0.01,
        "NMSSM-XHY-1000-90":0.01,
        "NMSSM-XHY-1000-100":0.01,
        "NMSSM-XHY-1000-125":0.01,
        "NMSSM-XHY-1000-150":0.01,
        "NMSSM-XHY-1000-190":0.01,
        "NMSSM-XHY-1000-250":0.01,
        "NMSSM-XHY-1000-300":0.01,
        "NMSSM-XHY-1000-350":0.01,
        "NMSSM-XHY-1000-400":0.01,
        "NMSSM-XHY-1000-450":0.01,
        "NMSSM-XHY-1000-500":0.01,
        "NMSSM-XHY-1000-600":0.01,
        "NMSSM-XHY-1000-700":0.01,
        "NMSSM-XHY-1000-800":0.01,
        "NMSSM-XHY-1200-60":0.01,
        "NMSSM-XHY-1200-70":0.01,
        "NMSSM-XHY-1200-80":0.01,
        "NMSSM-XHY-1200-90":0.01,
        "NMSSM-XHY-1200-125":0.01,
        "NMSSM-XHY-1200-150":0.01,
        "NMSSM-XHY-1200-190":0.01,
        "NMSSM-XHY-1200-250":0.01,
        "NMSSM-XHY-1200-300":0.01,
        "NMSSM-XHY-1200-350":0.01,
        "NMSSM-XHY-1200-400":0.01,
        "NMSSM-XHY-1200-450":0.01,
        "NMSSM-XHY-1200-500":0.01,
        "NMSSM-XHY-1200-600":0.01,
        "NMSSM-XHY-1200-700":0.01,
        "NMSSM-XHY-1200-800":0.01,
        "NMSSM-XHY-1200-900":0.01,
        "NMSSM-XHY-1200-1000":0.01,
        "NMSSM-XHY-1400-60":0.01,
        "NMSSM-XHY-1400-70":0.01,
        "NMSSM-XHY-1400-80":0.01,
        "NMSSM-XHY-1400-90":0.01,
        "NMSSM-XHY-1400-100":0.01,
        "NMSSM-XHY-1400-125":0.01,
        "NMSSM-XHY-1400-150":0.01,
        "NMSSM-XHY-1400-190":0.01,
        "NMSSM-XHY-1400-250":0.01,
        "NMSSM-XHY-1400-300":0.01,
        "NMSSM-XHY-1400-350":0.01,
        "NMSSM-XHY-1400-400":0.01,
        "NMSSM-XHY-1400-450":0.01,
        "NMSSM-XHY-1400-500":0.01,
        "NMSSM-XHY-1400-600":0.01,
        "NMSSM-XHY-1400-700":0.01,
        "NMSSM-XHY-1400-800":0.01,
        "NMSSM-XHY-1400-900":0.01,
        "NMSSM-XHY-1400-1000":0.01,
        "NMSSM-XHY-1400-1100":0.01,
        "NMSSM-XHY-1400-1200":0.01,
        "NMSSM-XHY-1600-60":0.01,
        "NMSSM-XHY-1600-70":0.01,
        "NMSSM-XHY-1600-80":0.01,
        "NMSSM-XHY-1600-90":0.01,
        "NMSSM-XHY-1600-100":0.01,
        "NMSSM-XHY-1600-125":0.01,
        "NMSSM-XHY-1600-150":0.01,
        "NMSSM-XHY-1600-190":0.01,
        "NMSSM-XHY-1600-250":0.01,
        "NMSSM-XHY-1600-300":0.01,
        "NMSSM-XHY-1600-350":0.01,
        "NMSSM-XHY-1600-400":0.01,
        "NMSSM-XHY-1600-450":0.01,
        "NMSSM-XHY-1600-500":0.01,
        "NMSSM-XHY-1600-600":0.01,
        "NMSSM-XHY-1600-700":0.01,
        "NMSSM-XHY-1600-800":0.01,
        "NMSSM-XHY-1600-900":0.01,
        "NMSSM-XHY-1600-1000":0.01,
        "NMSSM-XHY-1600-1100":0.01,
        "NMSSM-XHY-1600-1200":0.01,
        "NMSSM-XHY-1600-1300":0.01,
        "NMSSM-XHY-1800-60":0.01,
        "NMSSM-XHY-1800-70":0.01,
        "NMSSM-XHY-1800-80":0.01,
        "NMSSM-XHY-1800-90":0.01,
        "NMSSM-XHY-1800-100":0.01,
        "NMSSM-XHY-1800-125":0.01,
        "NMSSM-XHY-1800-150":0.01,
        "NMSSM-XHY-1800-190":0.01,
        "NMSSM-XHY-1800-250":0.01,
        "NMSSM-XHY-1800-300":0.01,
        "NMSSM-XHY-1800-350":0.01,
        "NMSSM-XHY-1800-400":0.01,
        "NMSSM-XHY-1800-450":0.01,
        "NMSSM-XHY-1800-500":0.01,