{
    "lumi16":35917.213466,
    "lumi17":41521.427777,
    "lumi18":59692.687741,
    "XSECS" : {
        "ttbar-allhad":377.96,
        "ttbar-semilep":365.34,
        "QCDHT700":6802,
        "QCDHT1000":1206,
        "QCDHT1500":120.4,
        "QCDHT2000":25.25,
	"HWWsnapshot": 0.005,
	"MX1600-MY700": 0.005,
	"MX_1300_MY_200":0.005,
	"MX_1500_MY_400":0.005,
	"MX_2000_MY_400":0.005,
	"MX_2000_MY_800":0.005,
	"MX_3000_MY_800":0.005,
        "MX2800-MY2400": 0.01,
        "MX2400-MY450": 0.01,
        "MX2400-MY700": 0.01,
        "MX2600-MY1200": 0.01,
        "MX2600-MY1800": 0.01,
        "MX2400-MY500": 0.01,
        "MX2400-MY800": 0.01,
        "MX2600-MY125": 0.01,
        "MX2600-MY190": 0.01,
        "MX2400-MY1000": 0.01,
        "MX2400-MY100": 0.01,
        "MX2400-MY1200": 0.01,
        "MX2400-MY125": 0.01,
        "MX2400-MY150": 0.01,
        "MX2400-MY190": 0.01,
        "MX2400-MY2200": 0.01,
        "MX2400-MY350": 0.01,
        "MX2400-MY600": 0.01,
        "MX2400-MY900": 0.01,
        "MX2600-MY1400": 0.01,
        "MX2800-MY2000": 0.01,
        "MX2600-MY100": 0.01,
        "MX2600-MY1600": 0.01,
        "MX2800-MY250": 0.01,
        "MX2400-MY1400": 0.01,
        "MX2400-MY1600": 0.01,
        "MX2400-MY2000": 0.01,
        "MX2400-MY250": 0.01,
        "MX2400-MY400": 0.01,
        "MX2400-MY60": 0.01,
        "MX2600-MY1000": 0.01,
        "MX2600-MY150": 0.01,
        "MX2800-MY2200": 0.01,
        "MX2400-MY1800": 0.01,
        "MX2400-MY300": 0.01,
        "MX2600-MY2000": 0.01,
        "MX2600-MY2200": 0.01,
        "MX2600-MY2400": 0.01,
        "MX2600-MY250": 0.01,
        "MX2600-MY300": 0.01,
        "MX2600-MY350": 0.01,
        "MX2600-MY400": 0.01,
        "MX2600-MY450": 0.01,
        "MX2600-MY500": 0.01,
        "MX2600-MY600": 0.01,
        "MX2600-MY60": 0.01,
        "MX2600-MY700": 0.01,
        "MX2600-MY800": 0.01,
        "MX2600-MY900": 0.01,
        "MX2800-MY1000": 0.01,
        "MX2800-MY100": 0.01,
        "MX2800-MY1200": 0.01,
        "MX2800-MY125": 0.01,
        "MX2800-MY1400": 0.01,
        "MX2800-MY150": 0.01,
        "MX2800-MY1600": 0.01,
        "MX2800-MY1800": 0.01,
        "MX2800-MY190": 0.01,
        "MX2800-MY300": 0.01,
        "MX2800-MY350": 0.01,
        "MX2800-MY400": 0.01,
        "MX2800-MY450": 0.01,
        "MX2800-MY500": 0.01,
        "MX2800-MY600": 0.01,
        "MX2800-MY60": 0.01,
        "MX2800-MY700": 0.01,
        "MX2800-MY800": 0.01,
        "MX2800-MY900": 0.01,
        "MX3000-MY1000": 0.01,
        "MX3000-MY100": 0.01,
        "MX3000-MY1200": 0.01,
        "MX3000-MY125": 0.01,
        "MX3000-MY1400": 0.01,
        "MX3000-MY150": 0.01,
        "MX3000-MY1600": 0.01,
        "MX3000-MY1800": 0.01,
        "MX3000-MY190": 0.01,
        "MX3000-MY2000": 0.01,
        "MX3000-MY2200": 0.01,
        "MX3000-MY2400": 0.01,
        "MX3000-MY250": 0.01,
        "MX3000-MY300": 0.01,
        "MX3000-MY350": 0.01,
        "MX3000-MY400": 0.01,
        "MX3000-MY450": 0.01,
        "MX3000-MY500": 0.01,
        "MX3000-MY600": 0.01,
        "MX3000-MY60": 0.01,
        "MX3000-MY700": 0.01,
        "MX3000-MY800": 0.01,
        "MX3000-MY900": 0.01,
        "MX1800-MY1000": 0.01,
        "MX1800-MY100": 0.01,
        "MX1800-MY1200": 0.01,
        "MX1800-MY125": 0.01,
        "MX1800-MY1400": 0.01,
        "MX1800-MY150": 0.01,
        "MX1800-MY1600": 0.01,
        "MX1800-MY190": 0.01,
        "MX1800-MY250": 0.01,
        "MX1800-MY300": 0.01,
        "MX1800-MY350": 0.01,
        "MX1800-MY400": 0.01,
        "MX1800-MY450": 0.01,
        "MX1800-MY500": 0.01,
        "MX1800-MY600": 0.01,
        "MX1800-MY60": 0.01,
        "MX1800-MY700": 0.01,
        "MX1800-MY800": 0.01,
        "MX1800-MY900": 0.01,
        "MX2000-MY1000": 0.01,
        "MX2000-MY100": 0.01,
        "MX2000-MY125": 0.01,
        "MX2000-MY1400": 0.01,
        "MX2000-MY150": 0.01,
        "MX2000-MY1600": 0.01,
        "MX2000-MY1800": 0.01,
        "MX2000-MY190": 0.01,
        "MX2000-MY250": 0.01,
        "MX2000-MY300": 0.01,
        "MX2000-MY350": 0.01,
        "MX2000-MY400": 0.01,
        "MX2000-MY450": 0.01,
        "MX2000-MY500": 0.01,
        "MX2000-MY600": 0.01,
        "MX2000-MY60": 0.01,
        "MX2000-MY700": 0.01,
        "MX2000-MY800": 0.01,
        "MX2000-MY900": 0.01,
        "MX2200-MY1000": 0.01,
        "MX2200-MY100": 0.01,
        "MX2200-MY1200": 0.01,
        "MX2200-MY125": 0.01,
        "MX2200-MY1400": 0.01,
        "MX2200-MY150": 0.01,
        "MX2200-MY1600": 0.01,
        "MX2200-MY1800": 0.01,
        "MX2200-MY190": 0.01,
        "MX2200-MY2000": 0.01,
        "MX2200-MY250": 0.01,
        "MX2200-MY300": 0.01,
        "MX2200-MY350": 0.01,
        "MX2200-MY400": 0.01,
        "MX2200-MY450": 0.01,
        "MX2200-MY500": 0.01,
        "MX2200-MY600": 0.01,
        "MX2200-MY60": 0.01,
        "MX2200-MY700": 0.01,
        "MX2200-MY800": 0.01,
        "MX2200-MY900": 0.01,
        "MX600-MY100": 0.1,
        "MX600-MY125": 0.1,
        "MX600-MY150": 0.1,
        "MX600-MY190": 0.1,
        "MX600-MY250": 0.1,
        "MX600-MY300": 0.1,
        "MX600-MY350": 0.1,
        "MX600-MY400": 0.1,
        "MX600-MY450": 0.1,
        "MX600-MY60": 0.1,
        "MX800-MY100": 0.1,
        "MX800-MY125": 0.1,
        "MX800-MY150": 0.1,
        "MX800-MY190": 0.1,
        "MX800-MY250": 0.1,
        "MX800-MY300": 0.1,
        "MX800-MY350": 0.1,
        "MX800-MY400": 0.1,
        "MX800-MY450": 0.1,
        "MX800-MY500": 0.1,
        "MX800-MY600": 0.1,
        "MX800-MY60": 0.1,
        "MX1000-MY100": 0.1,
        "MX1000-MY125": 0.1,
        "MX1000-MY150": 0.1,
        "MX1000-MY190": 0.1,
        "MX1000-MY250": 0.1,
        "MX1000-MY300": 0.1,
        "MX1000-MY350": 0.1,
        "MX1000-MY400": 0.1,
        "MX1000-MY450": 0.1,
        "MX1000-MY500": 0.1,
        "MX1000-MY600": 0.1,
        "MX1000-MY60": 0.1,
        "MX1000-MY700": 0.1,
        "MX1000-MY800": 0.1,
        "MX1200-MY1000": 0.1,
        "MX1200-MY100": 0.1,
        "MX1200-MY125": 0.1,
        "MX1200-MY150": 0.1,
        "MX1200-MY190": 0.1,
        "MX1200-MY250": 0.1,
        "MX1200-MY300": 0.1,
        "MX1200-MY350": 0.1,
        "MX1200-MY400": 0.1,
        "MX1200-MY450": 0.1,
        "MX1200-MY500": 0.1,
        "MX1200-MY600": 0.1,
        "MX1200-MY60": 0.1,
        "MX1200-MY700": 0.1,
        "MX1200-MY800": 0.1,
        "MX1200-MY900": 0.1,
        "MX1400-MY1000": 0.1,
        "MX1400-MY100": 0.1,
        "MX1400-MY1200": 0.1,
        "MX1400-MY125": 0.1,
        "MX1400-MY150": 0.1,
        "MX1400-MY190": 0.1,
        "MX1400-MY250": 0.1,
        "MX1400-MY300": 0.1,
        "MX1400-MY350": 0.1,
        "MX1400-MY400": 0.1,
        "MX1400-MY450": 0.1,
        "MX1400-MY500": 0.1,
        "MX1400-MY600": 0.1,
        "MX1400-MY700": 0.1,
        "MX1400-MY800": 0.1,
        "MX1400-MY900": 0.1,
        "MX1600-MY1000": 0.01,
        "MX1600-MY100": 0.01,
        "MX1600-MY1200": 0.01,
        "MX1600-MY125": 0.01,
        "MX1600-MY1400": 0.01,
        "MX1600-MY150": 0.01,
        "MX1600-MY190": 0.01,
        "MX1600-MY250": 0.01,
        "MX1600-MY300": 0.01,
        "MX1600-MY350": 0.01,
        "MX1600-MY400": 0.01,
        "MX1600-MY500": 0.01,
        "MX1600-MY600": 0.01,
        "MX1600-MY700": 0.01,
        "MX1600-MY800": 0.01,
        "MX1600-MY900": 0.01
    },
    "CUTS" : {
	"eta":2.4, 
	"mh":[100.1,40],
	"mw":[65,105],
	"particleNet_HbbvsQCD":0.8,
	"particleNet_WvsQCD":0.8
    }
}
